{"('attack', 0)":77.3064687169,"('attack', 3)":22.6935312831,"('other', 1)":72.9824561404,"('other', 4)":27.0175438596,"('undetermined', 2)":85.7142857143,"('undetermined', 5)":14.2857142857}